timestamp,temperature,pressure,voltage,battery
0,34.52240051346303,1.195762801632458,23.57313531198338,63.50773885491917
1,20.184167403571347,1.0144190976554273,23.667797926542566,94.22254393385113
2,34.20123668743796,1.170432621885127,26.541572633337672,84.29777855692
3,24.086757273316767,0.8247209178928647,25.241408056268842,67.29655475164387
4,28.38363662847122,1.0951990770942381,27.296144855548413,33.28442229239781
5,28.903119916545407,1.1919577139976751,27.05349061634987,72.5307255911874
6,17.59935437888023,1.1738265338602543,23.036617461603225,26.74336311571882
7,15.071687283282527,0.9231203195707408,22.09353821947863,48.892507982940636
8,33.02550595933212,0.8768605395786643,27.75538301123443,56.91072865675544
9,22.0217616827062,0.8573952329587522,23.275511087394296,67.91467270677413
10,24.619673959087184,1.0916946603567614,24.125364467146255,22.23691873428904
11,27.619366131107483,1.121064047212113,26.082448861802217,85.5880979099644
12,28.076740154713615,0.8128437446943545,23.812897172018623,31.59875194572816
13,31.74321825880493,0.9033067314653874,22.47714415854093,63.9212771633762
14,16.51587794358583,0.8297602500172937,27.735159869265257,81.30888501475008
15,24.682473240694456,1.0942990004112911,25.031148344285963,59.29603517348275
16,25.45557797503308,0.8609983651985009,23.63623202187093,46.31592944451629
17,26.694245713303935,1.1417060961328924,26.09682162334464,32.49140881783351
18,34.62559444896782,0.8411416291857539,23.147894598680164,96.82039312848742
19,31.666034529122296,0.821245120527969,24.939482496467566,43.043794971592924
20,16.65889542476793,1.0474451089994006,27.754032507898383,57.4906264532845
21,28.538693111909332,1.0582082714997452,27.657135685242814,63.083219983477434
22,24.87543296911255,1.004153788947784,22.778788485252765,43.248463944132844
23,26.603649544443975,0.9117667266592472,24.28091078362665,31.76189599786887
24,17.997443719361307,0.8123325701663582,23.984258509188322,74.50763681003149
25,33.459702419951824,0.8302915124276834,24.484750181480475,45.17160682269566
26,28.918556192159887,1.142399249681392,25.46467481680828,80.63496262058804
27,28.520860900417762,0.9846283705188794,25.901261914760465,70.05087392929761
28,32.76478447647053,1.0445743303124349,23.985159461312463,45.15200106246936
29,26.787760384557362,1.0768425919491054,25.340339555444544,30.278018605923425
30,22.501221471859868,0.8994910679920161,27.45937327076034,55.87068562257963
31,16.325689398071496,0.8686460665941486,22.313716408925966,82.05478938920847
32,23.650941467568124,0.9940915521304867,27.996515402544667,35.42426981054626
33,25.401808326435475,1.0548392760309804,22.699093662960973,97.82305510555582
34,33.776365070974215,1.1810565192467364,22.2031270911812,30.902993874353683
35,30.368496125152088,0.8949890156666339,25.15555930372093,34.25629449662565
36,19.555179801823424,0.8972967562606012,24.514051862399878,80.16731283324542
37,18.713913211336934,0.8219117838607242,26.655683157901002,83.11483340983904
38,30.00912185019117,1.1419647339155639,23.40016284234805,28.184682758079347
39,15.323226963348384,0.8305567462068913,22.962830730682,80.63331208234722
40,18.628856348683225,1.1758726052144692,22.861731003633533,43.83671870480104
41,18.77491826072947,1.1112032268556808,22.992192636816775,38.2525008744727
42,29.19333171268098,0.9738981689974857,22.97271496125329,31.98201370118074
43,30.706321015664685,0.9692769816160398,26.109188590209143,30.228545755006742
44,33.268076585020374,0.8696749107476833,25.439313241184916,31.49628665982413
45,24.45005604128169,0.8032557966698414,26.935107869295,86.55227392951923
46,19.2821492632171,1.1504009451730202,24.50152516892065,94.25756567811347
47,17.86730801098317,1.1346866103989506,23.99218937087187,80.89367127414602
48,17.175678226885978,1.1377637239598293,23.01675071859845,22.409288836170163
49,32.56153562217395,1.1654784672723362,25.14910843429576,57.159242287660916
50,33.61999725391354,1.1325364424412898,25.198252749064302,73.19423951104953
51,27.965470102571807,0.8433122573006282,24.674013892580767,31.81938346679643
52,30.26525215682641,1.1246925334223559,22.530674187799953,45.04261661270143
53,28.615770156885198,0.8308296174964885,22.78219637155258,74.69977936739257
54,34.243402817470425,0.8987449223129094,22.027834042345763,91.85633832196037
55,31.475730717284723,0.8951360332217786,27.164884614682336,93.57310639401882
56,30.753883886760494,1.1667643145367135,23.361487236457037,81.49375818450599
57,28.948684082599428,0.8771089282615318,23.116330892617647,40.56591038318068
58,24.813514382383584,1.1159493887742091,25.798074233694273,41.81043000531755
59,30.725830909100033,0.9333762605226188,23.781928765528036,92.63853652374038
60,19.72464901064396,0.9282446119780535,24.59744764094611,91.30801998156267
61,17.155076815173654,0.9035312825832461,27.208297542204814,97.9605475751809
62,26.683696860246393,1.0987468892593975,22.107238971232366,72.8050261625933
63,30.663074457807653,1.0380367882558155,26.1741525959305,50.37721173106024
64,18.40911697917464,1.167084067497905,25.102674870592235,86.04197584896372
65,20.182946159711378,1.0559442810764759,26.669246209457874,86.46727383135917
66,17.577962687631462,0.8665582009298701,25.858881567031105,22.551796866799325
67,26.906828003388725,0.8281500483272679,24.696798076765628,39.67703126289169
68,25.727400300054335,1.1616397202763673,25.75560151962936,14.164025835676487
69,16.293852929638717,1.1297677247941718,26.616585771526157,99.52449623502511
70,22.48085548721224,1.1969347440910931,26.88165682993472,98.45670389129933
71,22.813044741750993,1.027316344962284,27.06981732616369,88.45811854448105
72,16.449377617036838,1.1498378583152542,27.35900649391695,30.664722883117193
73,29.345053867487927,1.1420363297946883,24.901671468068052,38.25901732124134
74,26.067117881921607,0.8681946435007709,27.431006007781544,63.95831043714335
75,15.886217022265637,1.1130278409681065,22.780814039511284,61.96754459308564
76,27.14405190407985,0.8114041813330619,25.007071691454104,46.180737897240256
77,17.811112717314735,0.9555376990479153,22.482505653039908,36.439240423561614
78,30.50184485342266,1.1368101280042493,22.531135621683312,38.94299637420771
79,25.83253960009581,0.9105757055908724,22.705061274790243,53.11324158316271
80,34.858212650697155,1.0808553278410151,22.264230902198424,77.46086511593185
81,34.01100301992625,1.124045311752852,26.56215330530537,39.93962880503499
82,30.058881155489917,0.8815615612887884,27.109109241582193,49.2832328156884
83,20.185578244537986,0.9550465257812779,22.013904532945023,54.36237374110072
84,23.241427658062648,1.1330020587063563,24.234732197923407,73.95792170287523
85,31.397938313314725,1.1356621758588332,27.002934624291417,34.596884226537014
86,22.471801352416712,0.8714317999897904,27.68989659652143,78.96884835949496
87,18.07630932847513,1.084070497350819,22.550985193800862,99.95923373527836
88,18.047567850821626,0.8320723490708315,27.85592382178752,96.5287288887795
89,34.21915620347918,1.1464407318812762,22.92827844519666,52.64938180836205
90,21.558684498498323,0.9972444221945358,24.72595315742251,97.79844396250596
91,16.77860762541499,0.8981732710742043,25.13574763564692,73.96599730221745
92,27.681295719203888,1.0801828820373742,22.862866620170415,59.92193048148473
93,23.97735528685375,1.0097426421703504,22.258667659815252,36.80133757093777
94,34.55661475690139,1.1370784966887706,24.023965031339706,38.71899050908907
95,32.90911744937113,1.1155520911594226,27.878966883371174,79.51988439975052
96,22.66732862446609,1.0760070197239138,27.93528891303013,99.34507798774067
97,24.090881654559286,1.0510414990563575,22.830197551184497,87.02060358144253
98,25.447562635026006,0.8496445253699259,23.912524225794872,78.30491963931205
99,27.95784578437418,1.0652568252614836,26.859143063535253,95.86869516769245
100,26.41514505125189,1.1327115711216065,22.89118986098392,54.012818642518184
101,34.67147597630144,1.068331569281595,25.751777779856663,76.51678654376623
102,31.438867674454507,1.039448098157363,22.277005622987712,91.6674371530188
103,34.11240643725284,1.1227792450603666,24.746297662886782,21.104071835690938
104,25.565558471037434,1.091367801835299,23.245511969724674,99.1380877624469
105,15.22079978051293,1.1401802906023053,27.14986646966182,53.428164280309325
106,28.122554712408917,0.9958911455517094,25.584786495120373,20.211144979994984
107,18.59637081757597,0.9356245246687576,27.677610623690434,45.445899356602496
108,33.294019022899,1.1942327619845,24.53593936821054,21.201490338446092
109,15.11982696334966,0.8692257936360124,23.5452179462291,93.33261002308555
110,30.83582691141761,0.9368650676385827,25.37734351468851,54.41096997188935
111,28.98000695670622,0.8579859110878163,23.430135892380846,21.84393087881152
112,22.02505210619051,1.1197231932504033,23.46673842814801,52.68636103060285
113,29.584249187204403,1.1459329381323973,24.307264404407437,97.56801176894287
114,23.49536245238946,0.8358580441162057,25.24059118694015,99.96891942748891
115,21.884748387492852,0.8326032454870215,23.251153020672987,54.905052403524685
116,29.248397430652503,1.180925516863491,23.15989078321873,48.63050261466376
117,19.261437750902527,0.817209402096864,22.093338876769344,42.851584564924096
118,25.811683937198286,0.8757685267294543,23.881573785225562,48.88894643260211
119,23.28974340444495,0.801668096854236,27.65677577846413,80.71161626489038
120,19.728912760520807,1.1239634601943815,23.133821304219968,54.81922075935763
121,26.488532977498156,1.0548529675044847,26.534440248979415,49.77297326452096
122,27.748842976444298,0.9962296458805561,26.21591819652639,45.39697805821021
123,16.01350095649144,0.8833741078828728,24.164444172800923,29.319624561241238
124,25.73117058526478,1.0380616866907206,25.659439938578092,74.25717143409582
125,21.660480041541987,1.170060117051667,23.585152278781,51.70702408862659
126,25.15750744593687,0.9490821486455492,25.113833190453587,35.63621925352361
127,20.73468796843784,1.0772796737897758,25.988387668568826,32.66140114278615
128,19.442989998370052,1.144311810931342,26.76710672166106,93.40214042527921
129,21.939720906007054,1.184907488217464,23.38323785775823,65.0221484799084
130,33.09382748564137,0.8724270668363067,27.39280041631991,61.57606244490764
131,18.13084357263962,1.1631823361480231,26.68314957047203,77.23813280884494
132,33.51726683839168,1.1819127320374008,22.94859309011708,53.234871144972786
133,30.215830525878445,1.0167257874619773,25.059063661453166,60.155484463019064
134,27.325421717784725,0.8039497310820344,23.66885178932771,37.98700173647233
135,15.326345358512022,1.1017878077333572,24.27478653619194,51.00162531920099
136,34.26773877537825,0.9695004055167016,23.61527618291926,57.94301382460386
137,15.451144945119424,1.0856167193027384,27.39064742970352,38.042286778330315
138,24.862517424675886,0.9251951534403302,24.72814430210961,36.317122713172125
139,26.935725829714535,1.558316604021383,23.00582349211507,78.75350268802063
140,19.068616449375188,1.1214165578171575,27.544210715275355,88.3528004389475
141,29.268772373005515,1.0040654836517195,26.945848082249547,65.58299727184881
142,18.372090575930294,1.1787535011647425,25.69013830340834,86.88264519926376
143,20.798338142933574,1.1919977191601807,24.31058182489009,40.4859640692205
144,21.674909161338714,0.8876825810072569,22.242518834325587,60.823558043507184
145,27.796016533698584,0.9063669334722962,24.146438399918413,31.899228777247632
146,17.68482119481259,0.80186999209236,22.73783572317152,95.11489434702375
147,25.504583798605434,1.0501210346782774,23.672090307967142,65.52487845204132
148,30.780148926262246,0.8330803745133509,24.022120136997277,36.69079740937403
149,21.10010425038854,0.9497385246182718,27.739019072368343,76.44277932595048
150,15.545103571802755,1.0578483707129354,27.4049672984898,87.74087540743531
151,34.84055133045777,0.8955580623366869,23.517007276782252,80.51078520249476
152,15.632760484942976,0.8491362322785947,26.454271923105697,69.74903367086088
153,28.279548340162293,1.0793224213297707,26.95163983835458,71.65416157983964
154,29.512046116997162,1.0477840592854488,24.75993413544491,79.36018633097763
155,23.1267351576316,0.8186371806639403,23.04040037185928,35.39334817755153
156,16.1701136089231,0.87479114988242,27.515167120846364,55.8551944989599
157,29.80094484754212,1.0234218033751483,22.3832674265731,54.02118659628045
158,25.990993260594315,1.076945447361164,26.880687985210116,32.69874651869918
159,15.58931881077362,0.9480094226900722,23.174335076372053,64.62279094877636
160,22.483251583951535,0.829031031416983,22.33474159744485,91.49825230223368
161,15.64516514242891,0.8442924903793142,27.052262378428935,76.10056786609456
162,17.287122219423626,1.1015085195280288,24.524554061356127,83.83827782598424
163,28.317839972087175,0.9392311203539568,27.162086475376135,52.88783319937204
164,17.860587105397585,1.1950966460285164,25.64179619981771,37.662798336606336
165,33.43489472758063,0.8875019983675847,27.00017809234101,36.19600295422187
166,16.738472118969238,0.811392264745705,26.888737303949654,24.81933209967376
167,24.90660573896655,0.9104305929242856,27.411513382615983,56.967126287484774
168,30.249271967861855,1.0887142750643022,25.071946812134406,86.70686584038783
169,43.9966505324913,0.9216270075212086,25.03625713514578,43.025623285579655
170,20.84067172917527,1.1289922785014332,24.6123950331813,57.75198225166606
171,22.54207396642594,0.876079091013564,25.85925653588624,55.01777745535521
172,20.521337298197945,1.1767886953542863,22.466134077667622,82.39169540242952
173,20.080236560279975,0.8051273624037587,24.354113476653204,20.42143032652808
174,15.997593063335028,0.8791435043724792,24.217120422873016,65.37809079541137
175,21.01650136355596,0.9753245127698125,27.064875302626437,64.12354544628495
176,18.856375043718728,1.0541861737393863,27.169400269992526,84.20797466437455
177,16.853712976940994,0.9505374177801089,26.43376093522552,24.736462462110236
178,22.665134692956727,1.0231733918169519,26.30068108427851,91.76949844420244
179,33.831415706709855,0.8605397571767537,24.434239574038372,86.90672564648504
180,30.822017029646798,1.006489011500249,26.139442439184762,47.38184885142667
181,31.729018080511253,0.9981899209397738,22.271452979343714,28.53248355623677
182,30.74737581363109,0.9884679090829218,27.676456130287693,88.44577967931455
183,22.56115262820402,1.1639759322853642,27.97778731637414,53.505356051466876
184,17.867093064423663,0.9380888224660409,27.726462613074695,32.27794878625478
185,27.801884811891956,1.0906791681811403,24.908934944113177,97.05830664201025
186,34.72400095141184,1.02024077734948,26.550437988283893,66.79415781420428
187,33.491057465288144,0.9502946427376625,24.780478999298833,58.493206847629764
188,30.776635838433688,1.0686924106450562,25.67097406007394,57.97808861307367
189,20.389642838180425,1.0283321018978069,22.799252785679002,31.907051634023517
190,28.391749664705124,1.1783982299879043,25.371694851164246,87.75084824781288
191,32.49404840041169,1.0028655592882272,26.42237483661619,46.15727222154557
192,15.173501641311347,0.9359063416122294,23.412896263412946,81.7039538348971
193,32.581945778866654,1.0419368147285997,24.40092638073304,88.54529221257803
194,29.20068187401193,1.0627402086366826,26.621442702949203,105.22410347195368
195,27.886924482158552,1.1751210331932713,23.273483716749624,95.48247673946511
196,19.18452796851713,1.190396995517206,24.688875805803406,95.04122261246131
197,27.37092616777925,1.1098500356257424,24.101010043260406,47.17245206544149
198,30.897989451842022,1.1034462017060505,24.143486615072728,34.26651533693257
199,18.07396739366548,0.9028614881659656,26.144940785467135,34.73555620042112
200,30.323048228547783,0.873875350023104,24.487759376989153,49.21657434517706
201,26.543961230148717,0.929123094043025,23.66493218915113,73.5285194798966
202,15.711672449108,0.873471124301907,27.66432342750732,40.79703182878368
203,16.832561844343264,0.8183113122999044,23.17933557571631,21.158753855352145
204,34.37906982503202,1.0360192530853205,25.27475364532212,99.38762745184948
205,19.98156682452594,0.9526262192277104,23.380766389882147,40.34794965740029
206,17.429211678257598,0.9767428381263473,23.936728454175054,54.132282465428815
207,25.031932968824076,1.140007851811976,24.267963366933973,94.5899205530265
208,34.75973674244134,0.9916931943518651,23.234081715436922,96.28360142264047
209,22.021462578301104,0.883618500412399,24.17804578765848,66.93454628019492
210,17.769965271840714,1.185015936412567,23.44227758663362,49.42170579763147
211,30.298361949353488,1.1614098763210376,27.613900596694407,62.93975844813326
212,20.382839842597484,0.9710739130874495,23.367847233266936,48.244816336211514
213,29.12730181792896,0.9622814516183676,26.264923609870728,99.02474335614593
214,19.133781958565233,0.8067017834623239,22.80987303526785,50.76965058851891
215,19.718733940182343,0.8248768157752245,25.204429320819745,84.92374938460101
216,15.29540778970565,0.8265708922170312,23.874325688112272,21.242645690951505
217,19.915621671482242,0.9141499498536613,23.69481640240223,57.55045832009864
218,18.61343894829629,1.1794198396147015,24.866272260864367,69.58554731797479
219,16.56796331081644,1.1315659046639572,24.19393716191725,50.37712549688065
220,18.83345971264541,0.8613800984047398,22.35054256736528,67.29431076724364
221,17.967576113311715,0.8868390721891553,22.15491973092334,90.53429608844912
222,33.21231773176892,0.9764310064116639,24.092301648228453,25.83091370856299
223,26.97852056982051,0.8974145744408544,23.010689889361387,68.75353219023418
224,18.004885130665965,0.8936130862428018,24.20278287423082,45.50303382767315
225,33.951464158830824,1.071723168444589,22.013159641476594,84.449605508392
226,32.211239451779576,1.1724087555976805,25.044889870430907,21.376189783655988
227,27.45657659852422,0.9689141682016781,22.25044539057513,50.718838511587386
228,15.716095442988369,0.9807730079147035,24.886610858201248,31.756505668451275
229,27.658114186213417,0.8442051964873805,22.2842054150028,40.754154399934784
230,26.925714267931806,1.1960528203436027,22.275964868331574,34.966486086383135
231,27.498853086498272,0.980071960201777,26.900891455159393,47.10780973684254
232,17.86833773862384,0.8308750903945283,22.094751034825293,85.16525699161592
233,24.574126149483682,0.8534214204824712,27.73243355560111,65.56915306478945
234,22.614716302024316,0.9107135642820919,23.65290013140614,86.47398084723451
235,32.44899486632554,1.067200909235903,25.630462121118313,97.25558172984753
236,26.121879140932307,0.8843380199090332,27.14344266492475,38.198219250831045
237,25.22799851694692,0.9046492512939814,22.185814692439983,29.786665988267913
238,27.325228769576754,1.1267916731326144,26.017706055844666,52.1644953453579
239,29.29650902198041,1.1350966129570055,26.504207919867987,65.93526983150595
240,17.79394738822639,1.052331234940046,22.85513482556299,71.40227913179802
241,17.354698035353692,0.9774812303962197,24.69515189157701,51.15712387092668
242,29.997489376039926,0.8076106423063896,22.89747113103528,35.465354701542076
243,16.737215731190705,0.9743856329908827,27.64330440883102,22.801620714036943
244,19.303789232919076,0.9268874307901089,26.72779273635002,71.67234311056099
245,17.048530118811684,1.0141941463304156,23.986822926124425,67.32573500380816
246,24.13810511249453,0.8899736235458036,23.656558113123843,85.49230834868686
247,22.957948613677047,1.1250799979386916,22.07154361783858,65.8281562646414
248,33.54467430719951,1.186460938964755,23.135098537898866,54.758181616851324
249,33.50756426355978,0.9943455111900038,22.534297442335777,58.48560323113653
250,34.509234643879395,0.8003074037883372,27.069727678551693,31.169150030305886
251,24.43495768907686,1.175341893271652,25.149316200154445,81.41977127916276
252,19.289433823464826,0.9369373900756478,22.24420033783843,52.73632161976109
253,21.77425675257604,1.038978470245559,23.65861154532229,78.51274997619296
254,20.904555250935875,1.1568125656457005,22.777367530736335,41.6390370671758
255,29.39095329172064,0.910375776226153,22.812491181994485,23.55713558619489
256,23.842864380216692,0.8334638191262009,23.763311641266874,44.42796639186007
257,17.71620098824398,0.8735365249022333,27.124563712893085,44.45282268585265
258,25.304550753223772,1.193745245710704,23.8570633468181,22.662925282761243
259,22.63186828251268,1.052680729133,24.43994601641973,51.87305705474089
260,26.933647536064342,0.830907550531824,27.832355430738165,78.21612659981993
261,15.80630925237951,1.1107917637890907,22.203854300691084,47.15776109666038
262,28.72232423335862,1.1920569826998277,23.598622044084077,74.54046714946357
263,19.437697974822928,0.9631152215966075,24.051100494632905,57.24872068882561
264,19.263173071913098,1.0128983704946875,26.24278984409486,87.82451373695713
265,20.26677092140035,1.0928817655219185,27.98529023980971,58.18791403838463
266,31.271009464704793,0.9034477530993537,25.93240185374932,74.67050249492007
267,29.76572251395509,0.8774042970330819,25.14601146426252,65.5774738926494
268,22.38231060701213,1.1045495550339064,24.173440361515325,96.75353295858675
269,19.442400910802345,0.8849189097719955,24.409239823376932,74.99010781828444
270,15.397202472980746,0.892227870562594,23.768664468057636,53.07208520992209
271,18.2976458962634,0.9874730179949694,24.571041146318567,81.80571368613792
272,29.22326049272204,1.0701748359805257,27.144605072694482,22.374302124436632
273,17.02147157272069,1.1146391551321277,24.404281705381507,96.26991241235164
274,34.653356362322036,1.0455898989872474,23.88359908459724,98.93744871177405
275,25.35931993112634,0.9760576134900283,22.553019769599718,84.01966416848305
276,25.810657462398016,0.9608623524908909,26.33256644830242,54.963149102973986
277,27.885871015787906,1.0811262981638596,27.34607555362318,97.12168123326664
278,16.504729267151646,1.1395741892967164,23.327729105838387,70.08036916467346
279,17.111040913104112,0.9372585878161694,22.827414615796883,39.47921869419655
280,30.44010063274389,1.0767909169466008,24.701480785196367,34.1835097993912
281,30.346103350008054,1.1413235932990022,22.880013493489223,95.74054666515619
282,34.30242612691622,0.9878626630073329,22.688582612857005,24.39205574302705
283,26.965035853075037,1.137015623656241,26.39163857195748,71.58797375473819
284,27.495578264587248,0.9523369913904032,27.233284463765344,78.05201503910102
285,20.295367108740063,1.1398095669386685,22.51239408256466,63.83477373364271
286,16.103164598378537,0.9655896233345544,25.548603866543633,23.124406831972024
287,28.797963595868975,1.0215739367512013,25.74903343150944,50.52772097050991
288,16.10314416323647,1.0902198519933595,26.296322020551745,97.8660128474883
289,33.3071621396708,0.9973693194879952,23.76539807768044,33.21995620980914
290,18.04635980371839,0.9875921061713224,22.058969161064645,66.81712672445579
291,25.581840750413214,0.8833172175454386,25.451727643588562,44.351921491829486
292,22.498386034287343,1.1585501431257357,27.411537566582968,69.87718280025666
293,26.022436698249315,1.0805696000747507,25.627482074449556,44.18333743212648
294,31.176430161648753,0.9874919924841754,22.66285104372716,70.4597649449603
295,23.159353187692673,0.8269557227656296,24.286950831262708,90.1676690447207
296,28.28157862645954,1.094369800544801,23.365367901678752,66.81762310535001
297,18.546849509696038,1.0780442793950618,27.147720920222977,88.34447506435617
298,33.96746809564474,0.8548792822807489,23.517135551732945,79.59032222407012
299,30.13175825132928,0.8494687302240029,25.258527586321318,20.452686571980763
300,15.746682298365233,1.089830083141727,23.292926362554844,24.365682690341597
301,17.850413205453197,0.8061329872354674,24.713589298763647,23.481947928797933
302,30.07142639917465,1.0908051272231194,27.518492520514496,60.26645180117028
303,26.609760125325003,0.8584359782274149,27.189403832613277,33.99081726978568
304,30.070311894679435,0.9235419114247679,24.284753459601603,53.50978276183969
305,31.58083054232627,1.1961257436655754,25.09245784690559,33.61108698275754
306,20.472835185027197,0.9360460689734345,23.468472063455707,46.316229670545574
307,31.93037158772807,1.0859000308047442,27.038780741506514,98.4379027353913
308,16.0868048594767,0.8681334329365836,25.25149703860705,75.42325486477733
309,30.348701700222676,0.9287036120301755,27.53003503746907,47.47617441318851
310,25.68192632063898,0.8147101382311452,24.212818487499415,28.0214497158226
311,25.163596360588713,0.9048801479051483,27.58875452239394,70.71319956778109
312,34.54542586274883,1.1339277892312796,27.6908104912959,24.555034029454763
313,21.504281498630164,0.8239458021997372,24.937854391778554,85.55429921037268
314,18.517995341337844,0.8498078506994609,24.296820322347216,55.40266080934006
315,16.940839798278333,1.0331365214759503,22.7987121662091,84.34935087109929
316,19.836152710409706,1.133299926861027,26.896448343680422,95.23242574445925
317,17.76513574300541,1.0526007402507787,25.66776990943371,59.71409587410312
318,30.826813889319734,0.8329304960330695,24.67906056055645,54.9592062410843
319,19.60337876160549,0.9125920323055506,27.64000467014907,77.91378421888216
320,18.163749008514436,0.8667247008097932,24.829017784893093,63.040630884819386
321,19.540680581183206,1.0181540849092614,27.50070940340132,38.89845651705228
322,15.372205680625342,1.096452595297986,24.574526181430183,44.541357494607816
323,15.202581909393198,0.9580044295549293,27.90991528126243,84.19186286879321
324,29.00944344205131,1.1908607869600207,23.557277865728462,93.68194048262974
325,25.355742812101013,1.1808988493124144,27.4760742169118,20.829455194188185
326,22.35734593101723,0.8308351007242964,23.53493689773541,30.902077580491884
327,24.21310424355684,1.0862817966895568,23.48092162071515,41.91638969390696
328,19.996426705273404,1.178183268406466,27.524084771511216,30.910479431633284
329,16.896849538583478,1.188788137206758,22.464973706841796,38.34872734092918
330,27.731279206296083,0.8668443810785394,23.782561192954415,51.03346103625935
331,23.257321539449304,1.064658942199666,24.55711156960484,56.81396446825988
332,22.199155891329333,1.0107253986906315,27.993974019009602,74.50694037149889
333,29.4511445715738,1.1891091684688184,26.161780143862405,90.72191824375464
334,25.51889607757822,1.0152039235320616,25.959220868650608,59.85575354211782
335,27.48105121767013,1.1639874373544286,25.371243012646502,98.87408478916241
336,21.3819099761233,1.033548634421919,25.087920321889932,62.807544131361425
337,19.100819816634843,0.8113707593454582,27.668319244103678,20.55875638814623
338,19.224535320027943,0.9774768062470548,22.68001958997949,90.16710951436588
339,17.70128503132598,0.9367887048580107,22.27512473670509,20.087962951997326
340,15.16482612164566,1.16099335825707,22.920947680266313,46.543183609777245
341,28.78936167270931,0.9261876994396446,24.603190281721957,79.31184220865075
342,33.2688694492652,0.8671911460224294,25.130899099530435,51.668788514405534
343,16.461714905625826,1.1823742859840154,24.404628411002285,71.24735579662568
344,23.149452652658486,0.9595718061618094,23.63188042783377,90.32320960610095
345,27.56268647219208,0.9709350705995465,26.289593583076687,50.779801240008915
346,29.895146555226596,1.1425036591023652,22.31473893237145,21.518050979090617
347,25.251967601220887,0.9761705699475606,24.844992222146324,49.418384774917115
348,22.015488063103035,0.4579904078327131,23.6777198355773,57.81405228601138
349,16.62675807836328,1.0262836937965756,23.72255199507878,22.831504007572903
350,28.564336553795396,1.1918660695986203,23.40693400221292,49.82785759280857
351,33.830083302958265,0.8080895846603598,27.386177110764244,46.58894811183082
352,31.50075753702778,0.9749096854197454,24.337391240842045,84.58008804584983
353,31.45404945518955,0.8723146856435335,25.94132600927571,85.76335434405979
354,29.68227597338704,0.8711091945001731,24.971174974617185,95.1937145333269
355,15.406660247330406,1.1055628259615118,22.450925189098008,94.603656821673
356,15.294819613197063,1.0061516426853467,22.401161461279,24.543100481989963
357,33.35609133610133,1.0109787125259357,26.933366805869937,79.53682837040881
358,24.925583588821517,0.9665026620393693,23.07876786871595,42.01116501609113
359,32.312505099874265,1.1814294574078343,26.45988606310512,93.66040871842254
360,29.162836140758447,0.9635209455121181,24.7551894324948,36.830375202751554
361,15.329382312250829,0.8098369774988922,26.6652581127414,96.90923871090655
362,23.69007632131112,1.1026713686247613,25.798121323993893,66.33969838433184
363,16.257899936583495,1.1184878518454517,22.71755263478704,66.11980847188246
364,15.06071986796406,1.1702893205229434,23.960933027253684,65.89043973578696
365,29.82461016999892,0.901064593567843,22.06618640439596,55.0915409015211
366,23.152497561749033,1.0775363154020148,26.984550778654388,99.94465495758946
367,29.367815660160094,0.8030094370423221,24.469976257484962,44.77403188300663
368,16.359293594357872,0.9147386055445821,27.250322212117496,70.55905809139888
369,27.498770778616677,1.1383271500737544,23.63738722887293,49.65976200053853
370,28.00032258775789,1.0872983736353348,24.894599661996068,23.85812925648942
371,33.04255849532372,1.0393061357791313,27.429676862641323,22.40024921338285
372,30.96139561635766,0.8957271571226045,24.45307733548149,98.86336107871549
373,34.6750248679564,1.198389666829174,24.039431184493015,73.0560712704222
374,18.449375039473207,1.1124422831046223,26.407800390359185,91.54040003551118
375,18.056381148258406,1.041362966778713,26.18339606118383,80.60146784774619
376,22.972233623268966,1.0564545846900233,22.551410016156144,40.06122145644443
377,21.678166418083965,1.1411716636706473,22.452796330752605,72.8317496888808
378,18.075776663989302,0.8779860481322997,23.530184838968093,21.95643122606654
379,26.39167882461686,1.0229392864367237,22.008422150641444,71.22768147581651
380,19.575455067836188,0.8174403588391477,22.196734711430327,25.05711673932865
381,30.451960006736446,1.163482136579883,22.85796717281556,30.403985355428755
382,33.31127619590883,1.0920763898297374,22.57641387348683,81.07890240493126
383,28.151960463856497,1.1668184555533885,24.886019403855563,60.99168659976083
384,29.696608020238827,0.9934646853747334,25.00441576315968,61.23802947894632
385,30.296306586969813,1.052814597483536,24.246515175761882,56.78080910213701
386,20.66807568239834,1.011461642504872,24.101492600448832,71.62484154169698
387,31.991060065310577,1.1214997016865753,26.844929161907906,57.41568825595807
388,15.231821281999983,1.0964000574702504,26.417008267634223,24.79083998774663
389,32.019363796327184,1.0462915080539952,22.474081351506698,95.17747370379372
390,34.53367607644161,1.117075913804485,26.736498866081387,23.67039372601603
391,31.192031593195463,0.843959710976339,24.009832587292664,33.29116271157412
392,20.75207853811748,0.8004793534742479,26.571306141570307,36.83430132603047
393,25.328058780311366,1.066785531901167,23.896885197865558,85.50445080287277
394,20.19709788310501,0.9435458286495448,24.380776688593038,89.67525877581932
395,30.396554128916826,1.005423803834078,23.03956762420132,66.99330286738139
396,18.776962926269093,0.8967703386636103,26.950419282279576,96.81827644573082
397,27.335242968582076,1.1565906317503925,27.30113083561792,93.48493112493676
398,19.927196011668745,1.0133184831724609,22.6820397745776,61.92728178789406
399,20.580685212255062,0.8953004200574496,22.055009212913912,56.65138229165464
400,28.864104979315933,0.8223555724008058,26.57953336284563,66.02626079978015
401,26.330986280272665,1.0976458421549193,23.871333426337316,78.94539154227664
402,29.6860263033398,1.0169266702772395,27.05908318414373,43.075217938370905
403,32.381291532430126,1.0473382661619361,24.50019454636179,59.178883615509285
404,31.978551645861778,0.8913889391864941,22.876837384805427,71.30260738740263
405,22.167661908000728,1.0172813457786358,27.693402350446984,62.76252784052125
406,15.5532006490904,0.9615823458837648,25.091149770686084,65.46614615114366
407,32.865837043768494,1.097872398538577,24.544978608988536,74.76599837981172
408,31.866969136546185,0.9974066447471491,23.667526976642392,61.91079801075325
409,31.17851770660504,0.8151130587045214,23.920393137673543,38.99571280853276
410,23.888658881707254,1.197240712747942,24.02931560972444,30.28569933063304
411,34.51630623839777,0.8014269592400233,23.336743567386957,20.553069039378133
412,33.60316107433849,1.0620903864631224,26.56287719271497,43.05397054745552
413,27.237697307581303,1.0610815088153287,23.392730722352308,72.91755306261685
414,15.222666597859476,0.9819700754398799,22.360989455616778,61.75995017133093
415,30.94497421233252,1.047441750485966,27.32600404986008,92.87764794074872
416,24.837083213878618,1.0781319177908777,22.81026657846709,98.43388736282324
417,25.99974170030356,1.1781973478454462,27.877500537798866,79.71648662014518
418,32.092126883675185,1.0261935143907912,26.9370479881957,23.49513106870937
419,22.669051995347203,0.9373335811674718,22.134630362378058,73.73586409472512
420,33.18233463804372,1.0357269568878027,27.24486439603923,84.17764126337224
421,23.913876464915827,0.8874259685835182,24.55753988393037,53.676235938337776
422,19.919079884867323,1.040543236145265,25.46444949045108,23.56660868616345
423,22.512286192592065,0.939997981131424,23.138050638792613,50.214077827599446
424,22.836694670302528,0.9732504736945286,25.608286638242813,37.45675249206454
425,15.21623984675433,0.9746137707586284,23.968473730715324,20.11980428060415
426,29.558373141234043,0.8975514769063326,23.334586353471845,85.52773660048827
427,25.527522188495,1.185630487242288,25.454924492879858,41.53823125631391
428,30.305530976076444,1.1468316220068127,27.1056343892382,43.372024318234836
429,28.22733992354873,0.915615400920001,22.266683476552426,78.5641822754201
430,32.579998737092524,0.9669019955798269,27.036424382707864,70.25950726611264
431,21.429361957929792,1.0557278941424906,24.276774874731565,56.09268363429877
432,28.40988546319094,0.8999934788422332,26.935568519864354,50.15610433891983
433,23.33057299993246,1.0329279516069405,27.60076736880692,70.06359075217003
434,31.596572809232512,1.1227952979829954,23.874070032623674,78.05091402650163
435,17.30331348328907,1.1751763092386478,27.381333184024218,95.3788010736545
436,20.82763483644207,0.8421502537209911,25.218188852736734,69.87656655770267
437,28.8254120296677,0.8497349560026101,22.66853935674253,63.684319164358634
438,32.460916252713574,0.8140953045437603,25.690255629423188,54.503626159138335
439,34.28609183273096,1.0891391693262158,24.031464358780163,53.280137367006475
440,22.56936725353058,1.0427850409433261,26.296445921049212,75.35939616200078
441,34.480629897528296,0.9124785980386134,24.94863952816949,53.942755764714214
442,29.926038334817548,0.8638588806947153,26.51659406583007,58.26867775120075
443,27.0240384626821,0.8129440113966703,22.11450783257683,24.836157956532414
444,15.709494324950073,0.8052543879411524,27.400740986481676,28.96701644026858
445,28.34018539258912,0.8330557120213885,26.721099249614284,26.513229840638743
446,30.730969134543383,1.1319934115726245,27.115451172168186,97.32948465664784
447,25.48129658523621,1.0826335270874043,23.871159381858163,24.976572998440922
448,30.169848551183456,1.0762973335712904,26.30045562166903,71.23474356945911
449,29.873681848258364,1.1665109622162693,27.957242545869104,73.45382272300219
450,32.880561636808196,1.1216119324261735,24.12031420071764,61.32247688368614
451,32.62915299843168,1.157513252880289,25.128002857279174,70.24679620639364
452,34.95766099882354,0.9788362564747222,27.16191131933846,94.12226913392222
453,27.18546032531726,0.8923876058849257,24.82486489611134,94.56469058014412
454,29.54689199126877,0.8026125309011651,25.274619525395067,97.96348686989349
455,30.055916250226595,1.1915981769055013,27.481076729222252,94.31800608187797
456,30.08644371548322,0.9712219448942991,24.91133233293696,70.2071935127156
457,20.784531018715374,0.8038159061643743,25.463314470034717,23.535481590252807
458,32.17963635017425,1.0092953454064888,23.019548022434076,48.30581883220751
459,26.766074932296583,0.8728531369632784,23.53450690110011,66.61173807235939
460,25.486338064036474,1.1269752263442685,26.468206500585055,26.95824699880785
461,29.740919840147324,0.8669910324243765,25.39766485107747,69.5276795439071
462,34.01352832263659,1.0335895679994413,26.3844178565263,93.96273720229931
463,23.007305126959913,0.8592561216842295,27.32718006650978,75.94515286375321
464,25.933260799697642,0.8463927490282763,27.615266277729866,45.68316810974519
465,21.310242959953445,1.036304367084685,24.85367387895374,30.241403925486054
466,17.425114337743555,0.9272292121213138,22.19641303261177,56.9532248240506
467,23.789721423106485,1.1433205510573965,27.349048723933826,42.67605753881735
468,16.64440277934238,0.8324233843325681,27.51521689413527,36.06068277142052
469,19.206239552057866,0.988111745546645,24.464010624430315,63.86172195157721
470,25.556306309297426,0.934851253967271,26.822814554901143,43.338658819358784
471,18.083536848485785,0.8401881621580063,24.329265052415444,20.96169780250209
472,26.911830213104132,0.9635468339669975,22.54766206448791,47.92678220083903
473,24.524167896155568,0.877475975106083,25.95358108040532,42.29899670877914
474,21.23609246642967,0.8884614782926533,25.61050420552507,89.37189942367225
475,23.001087509088702,0.9175975875349545,27.469334126359808,77.50753954754751
476,28.412577765469898,1.094859047252125,23.41441314258695,23.525173703333877
477,25.626617909150355,0.8070727230833072,23.129992920378434,38.83610244298326
478,27.392441790871995,0.8422136019914863,27.466978896434856,36.526643312902124
479,24.042655187167057,1.0814728698945202,22.855321618682463,30.76912874842342
480,22.69460666852312,1.149133919950237,27.419179563336435,92.46287591046988
481,32.38087341826111,1.1624664566926273,25.868917021354516,64.02323260654853
482,16.853688396054828,1.0228538808833467,25.186120849399636,77.17820105734747
483,19.99589175731619,1.0288128268095764,26.71731829126869,90.88912393560412
484,21.118070021220372,1.0158316094414732,22.68030527288675,43.35100025641901
485,21.91408480017579,0.8847958907811408,23.079663607376176,33.032610292426455
486,24.1489784849606,1.0802447587152006,24.567881890479832,35.68528256277635
487,33.79742021058609,1.1067773097108415,24.855652981737446,24.06249688122071
488,17.658347088253077,1.0218887547208653,26.87186984084454,98.78350876527121
489,32.57705363753889,0.8838216736065481,27.535651747720376,20.06846434453773
490,28.23690979336478,0.8072200612780045,25.54496204116422,54.52042494290963
491,10.145001513337952,0.8355906604611363,26.26013044944205,28.432230720500257
492,19.41731462623888,1.0017457953118827,24.737941512597562,50.10048152809318
493,20.081587064393894,1.0927239512392775,24.609496156211875,31.212500405379096
494,31.482424725960236,0.9860811643915023,27.07928760699971,27.895363968873017
495,31.232215285749213,0.8130300423601132,26.822438231542343,50.85634844012795
496,8.430499353830637,0.9278533937021359,25.77661455395925,90.54628077553133
497,34.844747518796574,1.0012058939965518,27.279155170761634,32.37651391858016
498,27.343117416124652,0.9248090366464968,22.278859981774133,68.24777874790809
499,21.14356476112917,1.1551447412436708,27.218085503697996,45.913031491850575
500,29.62579664681846,0.8752727107352761,24.13074938094305,57.213271253301635
501,16.00570310498319,0.8784204843892613,22.229705229674902,89.91011620083772
502,21.21723815125725,1.0587219409997157,22.491552700484633,45.01303196812551
503,32.067456132816694,1.0743708139491823,25.31369782492616,33.73376462273174
504,33.13598096497233,1.053798975281948,27.46067507709616,20.15700570491937
505,18.77784621625882,0.9406868570384446,24.866480478792262,89.123137822656
506,22.59407619813768,0.9632157143540665,26.220875216916692,53.66058299090918
507,32.92006257895047,0.962267462955959,22.736572742927866,27.960970165566657
508,15.410102639807338,1.1332480847185211,24.12943549937742,43.24191080515013
509,30.88666227854411,0.8536335393005232,25.37428696108919,94.30285677455089
510,27.016755987667715,0.831083745822103,23.574797147260696,34.24148052730409
511,24.09190379583241,0.8502269823463561,27.377964647097002,78.01510461843263
512,18.908371303604557,0.8306806284509851,22.58825259057069,77.64357811109261
513,34.05686426788727,0.8339888265411874,25.26161451295738,31.371873285087688
514,29.018445198969804,1.1533123839491615,27.840426951459172,79.22061820976855
515,17.803590851568107,0.8665748479971447,23.477439169824216,26.970599033967613
516,30.52924593361434,1.0033953348785978,27.656847630093605,35.920211593365266
517,30.285026717073244,0.9959230474841507,25.413042415441335,63.07030555222628
518,15.717967893083406,1.1688735400750716,27.5780866839591,22.671023215632367
519,27.006030375338216,0.9826708567337488,26.40341750311752,95.77552103398902
520,23.196045704150073,0.997961541399363,24.562712606537303,27.32595315163401
521,24.731666460932836,1.0979939941558718,25.35228761207106,42.77523298366816
522,16.198606518302523,1.1904825572701165,24.336621124919947,47.73383562633959
523,17.397989600119796,0.8686827058006275,25.484226610268905,21.964006200198067
524,28.958363126771125,1.091324364728235,27.142485319999626,47.465592185921025
525,24.258979277629365,0.8192837977975602,26.96365283588115,48.10797887382732
526,28.22012448394038,1.0167069362733763,25.64715526920148,51.027762396467786
527,33.988821987290294,0.9584175661454777,23.237863414447055,59.148487699580386
528,15.590992032480447,0.9392824238455272,25.26283210924588,68.28302341721215
529,31.03262715826722,1.1302673628567637,22.965002860364525,35.238553338119765
530,28.00648034745765,1.1273792858782699,24.80720665582575,39.23733701464464
531,19.59652079109514,0.8817108444502167,24.016964845931977,47.583215068595266
532,31.161340852540874,1.0818851412170867,30.678565147940944,20.232825460462287
533,26.189305815375285,0.8770464566200878,26.347589630198808,59.254544209315796
534,23.194233681725546,0.8674005691674785,26.811448318243116,92.95720315252994
535,22.968373716050394,0.9292689948495855,26.27003479794134,43.697642724083266
536,22.293754806692583,0.8972903448356603,26.80780593331867,95.96798506504872
537,27.199935873726844,1.0291268694837512,22.263770184770266,42.178156954023606
538,24.131630020667355,0.8021374265332883,25.388014501422735,52.796018992208246
539,17.369458288637702,0.8092043037248872,22.154367941094907,75.70109570683684
540,28.716939907458165,1.101315209553869,22.517451713511125,29.299947867037712
541,31.859998079185516,1.1573693957371811,23.17933725909535,53.9227622994536
542,21.341176069816413,1.0716539436958497,23.883293189619618,83.98733172068353
543,26.61939655361129,0.8440457750528794,22.6725089479528,75.33304879284502
544,21.89331286621078,0.9902904805757486,26.969366382852606,88.61384074251094
545,22.081655333170872,1.047238736760637,26.467880945724097,66.9318562433026
546,22.503344429842564,1.18983487368405,22.058222250633296,92.46022591271985
547,26.715642974845125,0.8254117846492048,26.23500478079847,54.5782894603021
548,26.04275506545585,0.9446899384592827,24.153756483544765,50.72301440878833
549,31.386882844833835,0.8800101792924228,27.017652799658308,89.95269954406585
550,31.596315452343447,0.9232830332376525,26.765255511320014,93.8709719819763
551,18.22296090087563,0.9077975323824438,24.218007578948143,46.22714130173407
552,17.615324475037333,0.9418302689600047,23.376192684550777,78.85349989441391
553,22.880903001200043,0.8275121511736904,22.197965210069224,33.98345095938582
554,16.328944081436525,0.8275123951975729,26.76367569796816,76.92793360990972
555,22.187168769764128,0.932602646341255,23.93483284440754,22.12379190291296
556,30.639970429534863,0.9761439894028318,24.85869327029979,70.3562421615566
557,22.30887157059445,1.0599177320338125,26.88423661123454,76.17006812402107
558,32.22057208869383,0.8311912046149627,24.506451338707716,65.32718787010927
559,28.3609598588129,0.8258007223364895,26.4888106832252,94.04771282338368
560,32.96836601417708,1.1630716428169343,27.383905411896638,70.65005531133507
561,15.682162494768772,1.021324156856522,25.903367660963173,48.12752565257635
562,23.69812245680148,0.9160836880398492,24.22628251653397,84.0918537658394
563,15.735740343518703,0.9513970222371942,27.729264512872298,33.379129979673394
564,27.25556882189438,1.0852679558164475,24.016671500341555,92.1415504889907
565,15.003578451199381,1.1553686316884453,26.99206491966958,65.64994619545327
566,15.235276488617508,1.1400260516567162,23.827996013575873,60.5435547575098
567,23.659645758625324,0.942497270470659,26.41419117274724,54.07702214702372
568,19.198925554433522,1.0149126906976145,22.054358671734224,47.8353848179414
569,28.33149141882897,0.9394928741501932,23.06985390426009,34.55181606573072
570,19.377629097834653,1.1183618002886728,26.756792475732826,54.67499693814708
571,25.644990984138275,0.945563929537152,23.070821829096552,91.43517373392442
572,25.811905971897794,0.827168737040945,22.852243093818743,48.890895408519064
573,32.80118138992457,0.8463919616949793,23.526571278450028,93.41879943337078
574,31.74671100028881,0.9511399125888669,25.153570319305473,31.89710917817358
575,21.662941742338866,0.8547715530120316,23.469814545131207,50.63055424063634
576,33.55142598550692,1.1501492679982104,26.81966408614678,96.87752964423977
577,31.844271691216406,1.1398490668285142,27.872832295002933,76.47460229544181
578,20.022530514047293,1.0275338314003408,25.61961899900389,62.82590583912172
579,18.284005493122525,1.1330742601958952,22.619401133061196,80.8128066981422
580,31.874772342311527,1.1086033672936577,24.819212903582855,37.98833418857886
581,23.759638998485897,0.955030244267688,23.077880331402877,90.68465060495268
582,23.469492343138057,1.100754070866341,25.620543669167372,91.52963470432759
583,16.35416370498949,0.9570857609186889,22.135359410128927,73.3459485490368
584,32.88107854714808,1.0390909228887204,22.44175455808915,37.38504877681544
585,32.04471721720764,0.9344210199573065,24.010175252556248,34.26277372522279
586,30.79675269003522,1.0368988315565146,24.956312689111293,98.67739667049817
587,23.777064658472813,1.1207952112163355,24.10799978714803,25.935765153182267
588,23.215855082600246,0.8183413028892769,23.83673694495313,55.80380243978145
589,28.466544644097418,1.0175120870690295,22.429125296655332,86.01924007996797
590,32.28419030547356,1.0582743009125826,22.618558888936928,61.583218833711996
591,24.330630471218335,0.805361131493844,23.058368229294366,38.986453949574
592,24.097006636747963,1.0466934012137639,25.32503952361237,86.56072711159246
593,27.965425636636507,0.8650632700198247,22.589725350807736,84.15987558565062
594,19.335962315247897,1.0587157332748542,27.87323681714649,48.56434087680821
595,15.199051202578357,1.021387593994951,27.822571267749172,23.63517127450467
596,29.54957536810551,0.9747371929610971,22.54539874681131,87.49868116757297
597,28.458000739510464,1.0561284466036616,24.442031477533696,53.326827848664095
598,24.765599411087486,1.0766738690567474,24.742362659847398,89.12561705153587
599,28.056989743235533,1.111505595794615,27.517883483898967,65.66044942211846
600,19.978598273727705,1.0678521821570304,24.42476254276693,55.31045316568538
601,21.816056957917148,0.9510721495690311,27.628507172276635,93.94569910917123
602,30.710652445594924,1.1805903258232822,27.104852864231557,83.38809058579425
603,31.88857327098191,1.1484533638082854,27.11827953836012,42.86751114668431
604,21.490044834945962,1.107704732050673,27.38185995158915,99.41919962177003
605,22.092882993008537,1.0962528539927154,26.13792142565113,61.204267438917846
606,27.425951419711687,1.089898129498935,24.642983602057107,77.46064537865556
607,17.19623014466659,1.1857990238779297,27.013248979034394,75.01692815613919
608,18.832697728434844,0.8748972567937526,25.24092179228625,87.62453920086007
609,17.990526897231522,0.9893411243342737,27.88885609903233,75.14561821857419
610,16.213234659064693,1.0617652689423416,26.92747637680872,83.55225672092219
611,33.947835879619774,1.1834129712581025,25.65424002889631,55.75432919629303
612,25.38495896056387,1.0083669333408618,24.02948607658053,31.058060516004886
613,32.948848118525326,0.971245980684094,24.87383950570403,53.36788336637166
614,21.824549056103773,0.9660706975714745,22.720897953003973,21.03941191427549
615,18.862082058597377,0.9086566920408056,25.570381405139393,97.5889467341018
616,21.12053037026429,1.1514366671637066,22.065118255719998,95.79975567404306
617,20.29914427849278,1.0699277039870894,24.92228700990669,91.39869131963877
618,27.48382304596618,1.1513586885794194,23.3647627581531,81.36642550060807
619,34.79107572197739,1.1217562740076974,24.96227582792843,48.12993847254512
620,31.88382298600398,0.9611821573160265,25.507795413661693,80.54975612397538
621,28.371667959782684,1.1866310316143056,27.102798042150976,99.56590083162976
622,34.431842270962996,0.9709861696709361,22.286616231822617,28.986741402138108
623,24.722156982269862,1.1701728135619973,22.572012966231583,85.27414447030291
624,24.75237204288765,1.0338964939879913,26.61175633961608,88.90246508465876
625,25.459609312370567,1.060617907596862,26.074411771510935,72.36923154734237
626,27.8193590750138,1.0658958955945304,23.673566994971715,62.11870105501628
627,27.26959195916781,1.1694012239285858,24.934806694122532,51.751719769435354
628,26.09357763166769,1.024752481438114,23.374933402337998,32.91131211465838
629,31.898839752611888,1.0873382668806677,22.32805423756974,45.14868973145964
630,17.58475261759287,1.0064749152335861,23.905657628471765,48.92891108083126
631,19.020010175413262,1.0261373378007428,22.170046222688804,61.743007478223284
632,20.96182563665764,1.030234732822204,25.050590656926904,89.72640342207411
633,19.314164987957977,1.1950740517024259,25.069966702034122,46.94501944876993
634,22.37539908634772,0.8761001213034741,24.86463396669636,91.70847386656112
635,27.952118119777328,0.8407320346480782,25.02759543119371,59.36113681918627
636,21.050660104457897,0.8297621427858771,26.4120163063614,57.42046078071908
637,22.180740789648187,1.1143972839207352,26.00390083073155,67.45929655305713
638,27.012495451145927,0.860962698001527,24.66944439927562,54.328865221822426
639,34.10100096814851,0.9712019444639284,25.798853307249026,42.93943017963075
640,22.705852943660418,1.0689082460369617,25.72905855195285,34.79922835768492
641,32.64711841134118,0.9789707388356499,27.723417806462454,58.154677614694315
642,18.43881345774171,0.8707253696976038,22.28038973409294,37.45473320852128
643,31.154345998409866,0.8024097843470791,24.4769427563384,56.564947007625335
644,22.133314492629733,0.8144200206715279,25.477553423242583,28.42220447698658
645,32.355013858415425,1.0449516638011414,22.275592344057024,87.28984457319895
646,23.171439656348834,1.009462642157567,24.336639848147286,61.43507433084792
647,19.627251463559055,0.9759883947772697,27.023573127411048,31.89784867638214
648,29.69527504242859,0.9927283021749164,23.655676355923138,60.54126621770671
649,27.04979404703374,1.0733062043243922,25.374705210287846,23.169559208116397
650,29.76363601812044,0.8003256075278599,25.47641638675425,40.2874153517072
651,27.85730688634759,0.8597939906854851,22.81169472335393,97.88614613587069
652,25.691088826485203,1.1534037744365442,27.902899759321983,74.97224670565313
653,18.84110280558739,0.9674433889102644,24.527669648957577,58.36210800613756
654,32.07631835538399,0.8072269832339035,23.737387154814073,70.3278841515446
655,15.256941630588102,0.9615690642713997,22.77661421124511,62.138744356604974
656,27.60892771895286,1.0042605641449707,23.34051229751296,38.35675110020211
657,34.20315762879358,1.0144537924574577,22.320167976506482,26.873971543704222
658,15.220329578775809,1.1653875494295403,24.929879197203718,43.380891870678425
659,21.992032684704334,0.8755538841795565,22.941378624337197,53.65649100923299
660,19.950009998744676,0.9521849746644808,27.699782889619065,60.55563635169378
661,27.183549647261522,0.8838919426460471,23.33661841324082,57.43163899577336
662,25.260426876063285,1.0536171851849958,26.748377253059328,61.813356355443446
663,15.342765073805966,1.18284789480316,25.36656749585956,74.98627707274166
664,17.000039089603987,0.8989479086468094,22.19334693988191,51.37540656113821
665,32.314329901718715,0.8341412756855164,25.021716571663838,95.67550137600281
666,23.399895532615812,1.062513536808102,24.267807717126814,67.30733490803426
667,23.303976910219124,0.8760173674280298,27.617393807555978,73.0926261524747
668,21.6550418824751,1.1759494074415897,25.370022555876762,50.692054002307316
669,28.59601002920606,1.060698853199514,24.765118025935372,98.9418712619569
670,27.44520975766011,1.079797388543187,23.21726573259757,88.58824312363039
671,34.05670734131389,0.9653488846728382,24.880818161610293,88.88933260977636
672,15.060356905568531,0.991818577537053,25.527818781066696,94.56513696719402
673,24.768626555180283,1.098144913981309,27.705423141359894,39.343413864127484
674,34.70343959295016,1.0834849310576644,26.282495224325945,37.06313828543735
675,28.65018354751323,1.0404716984497138,23.292062046179137,60.42707081458261
676,26.367806766702117,1.1708247198028074,24.617038146049907,57.45838003673679
677,34.702035813838584,0.9904030933743782,26.650340153023365,85.37494191459932
678,32.78444917938511,0.800705676907539,22.088140152595585,84.51807987323657
679,16.615981290444317,1.0186684150335195,24.121990883314258,88.29200609485645
680,20.120806264274606,1.1682110478912109,27.64616868489739,45.453997103036656
681,16.9936832587499,1.1328549112935082,27.663538541388988,89.159835512641
682,15.225471323692055,0.9662061043845124,24.223504341289182,40.2519766775248
683,31.644743264811353,1.1940310694421137,27.673355478364826,22.493470000683047
684,34.53267304489495,1.1896100530856257,24.43354582035471,60.70679321710977
685,21.080797468194653,0.8804931414545314,22.177425167208845,48.53560061239428
686,17.313879699847902,1.1892946703578184,23.435025091109853,38.031665447982085
687,29.13892302559647,0.9688745177438167,22.545021706067867,47.49823477710581
688,19.39185020934574,1.068131501484528,24.767712887019282,64.88803767821102
689,19.891825447709696,1.0979309383433518,24.529477579101062,56.33558795797994
690,33.0066790813995,0.8236386748023319,22.433751798462428,89.09879441600984
691,24.34209322304024,1.1005423896402897,22.598746861837714,38.7056299081982
692,31.8248635383998,1.101994201228487,24.753068779227704,76.11121548648201
693,29.686747822432473,1.0858330866865487,22.22639622425451,79.74733861978211
694,25.266656761541995,1.1336566797880037,22.384825406168122,26.75432723609753
695,21.274084065508262,1.0074616705615744,26.888281719488447,86.26141661253799
696,17.378605859174186,1.1184429605103208,23.311037835925138,43.122821261304914
697,30.41989982063312,1.003428122797153,22.5499773328569,89.86926011936066
698,23.046549746709946,0.9777295024709438,22.740714624172938,66.82756251131718
699,17.96772168185442,1.118485004436086,23.355649559816186,67.66549259158425
700,28.19493103870386,1.007000926200211,24.55998008673549,60.220691910023234
701,32.35054638584755,1.1432289794120094,23.242926984563333,64.91804655011391
702,30.041430900459343,1.1286676482121696,22.015812236027276,36.680653985356635
703,23.21072890202449,1.1590134920002817,23.875765092493015,35.75802435419262
704,16.75967746423526,1.0610973105644714,26.82685317633895,50.75797741508463
705,16.74587543952556,1.0367585056206234,22.496743966261377,79.04751895589713
706,26.984560021051223,0.8575005926479667,23.875445097070642,37.17284036133313
707,21.182086167859037,1.0711593765341672,22.749945458776182,21.92150876129493
708,30.992466535161252,0.9913039914791877,26.388804211587818,44.58251048793166
709,33.668298472306226,1.1030073176075919,22.144468896642937,53.503376891259585
710,24.44598642090894,1.1822912124402134,25.579102294921753,86.45603118229913
711,28.70051450585497,1.0922479448994733,24.20568964053248,52.7577643561731
712,16.73559090045442,0.812526125727967,23.00946910422051,90.1315486357416
713,18.4057180651016,0.8571016680367853,26.206782333265593,27.196426826373205
714,30.614812384456876,1.0547662668870694,25.240993271763184,25.515905448026217
715,33.61155853558876,0.8838815145037581,24.343256650785058,42.18444899169286
716,26.61146535446931,1.073366334466349,25.70064826134846,51.462571679360956
717,33.63020969439471,1.1598451629395274,26.5919408499988,74.4721795300726
718,20.81247571418313,1.1845316190389388,26.87637800348474,50.427913480309485
719,25.196862644036617,1.1341680131789504,26.8588031915581,87.0486691511743
720,28.042984531102192,1.1959514864727567,26.950671920543478,63.23444199570463
721,20.320768859868878,0.814758109809446,24.704624515676812,68.50308192428629
722,19.563154729212773,0.9882077752882917,23.66240547396733,32.87737666364143
723,15.71462730825637,1.0757372776404193,22.26220561315895,60.48627517447849
724,15.11953242225966,0.8079339907608296,26.35097968663184,64.46160864158504
725,26.646651640928916,0.9264067909956369,27.92590355814341,40.399947172629076
726,22.673357916536073,0.8444233983721325,27.694061464780095,29.105106052504908
727,28.488710459817256,1.1215558525049871,23.309104884917215,66.65779622563662
728,21.69273599018637,1.1438838614356648,24.466024286046405,23.633934897259678
729,33.51655963136928,1.0737407294653285,24.04417077153363,99.58572193689902
730,26.70873433107323,1.1037853997642046,26.641233091009294,57.687747626116455
731,21.37274784707429,1.1543259513453674,25.881887483038437,93.32291701941814
732,31.342456728796524,0.9348159556732948,22.98131985326374,39.75819412930796
733,19.163499126190406,1.0256290530416885,25.7136980272657,56.20481545258273
734,15.579571723690444,1.1277552334040604,25.223692657818628,35.60624913734294
735,20.46828719087753,0.9019640086523184,26.928614926713003,94.09462704760524
736,32.370308815149485,1.158079230386343,25.451709585108024,57.070265016926875
737,32.87597365943385,0.9858968288193891,25.365583290766924,49.5599600146582
738,15.060622902339812,0.9446943014478191,23.893180493706957,50.488111470231686
739,30.210867423012548,0.8367604690625364,26.91600397861423,84.06769218012488
740,28.833069285940635,1.1843681732562845,22.10032046049482,63.491399091236325
741,19.927052411045764,1.1162673513995187,24.55772222879941,37.43344721095725
742,27.678954763476067,0.8974417963842282,25.91569675212662,25.423877941377135
743,28.44035178982476,0.9704567894390828,25.732295292437183,44.28431854755524
744,21.340237866106936,1.0567121392906171,23.048373710183814,56.94177052601104
745,17.321722119592838,0.8875245467592356,23.105464681412023,92.63829809323013
746,28.660020157772035,1.1199250529677156,25.700013668994814,51.36752761096024
747,25.861620485034898,0.9302454697073416,26.037554431854524,46.372948395159824
748,22.103422621848836,0.8658855954380186,23.257688860524695,30.58729963439677
749,27.838081594315746,0.9318346950634939,23.679177358296073,54.18539310486092
750,21.861874806517235,0.9643773092253808,24.08512233356934,90.35585402079964
751,22.705210314287555,0.831176858380476,26.70335289175256,44.69567848006551
752,22.683269440928385,1.1816075671796105,23.552924253739455,80.7258213742544
753,21.34873922382059,0.8395599497601418,26.163002507048006,77.04529010018794
754,17.773611602917224,1.0869276040676006,23.45241049914866,41.72870657689205
755,18.77715965910337,1.136428755770292,25.002873504539355,42.34509900612898
756,28.064023111712608,0.879256565585172,24.671956411082256,28.401659959264897
757,15.945671196828627,0.9937777553759163,26.144000959850114,40.35771988964963
758,27.284659597499545,1.1995838761361877,25.886112514449653,27.317499039554896
759,15.477945439081733,1.1528183966264343,22.277223295766877,42.32403690664306
760,20.431345922642667,0.939157830189241,25.612810671253715,47.53715019261436
761,19.919440999980328,0.805073522226732,26.841779092267995,83.49532737540936
762,26.13364604438407,1.0130517046118044,27.012220016086182,87.41715581420799
763,32.81922724614615,1.1204495800922287,27.527675289055864,84.66943194852342
764,16.350527117398993,0.8706106717899101,22.11820306266544,93.9503248698226
765,31.251061359634132,0.9235568236427558,23.062697043433378,59.28235306628582
766,27.87912850941848,1.082501751590439,22.856833168436708,95.13671140627724
767,15.62573133962887,0.8688994528630628,24.092997509021544,45.12344777508366
768,25.542603630249417,1.1088590969089829,22.09579606198936,86.9686388631902
769,15.905286190807397,0.9463373447109125,23.454320026166755,33.27408575013179
770,31.955689738049177,0.8939616411117391,24.737431117018943,24.238789319612817
771,23.368942538407346,0.9124050050428942,25.899159158473456,95.12744549459799
772,18.817417252686056,0.8819905970443173,25.478857203915332,27.244583031699054
773,24.406765056139538,1.132079930701981,22.00872391504093,60.237539959258406
774,26.86459996004499,1.0110647642228647,22.125302326866397,72.99183442205327
775,17.290034373469933,0.9699361462653363,27.41339283399057,76.91459446790088
776,21.42734622963789,0.8939739416023976,25.78545819168944,69.6415446686309
777,23.632263662795904,1.0054678427239052,26.956206665729983,58.69265643492736
778,24.265100856206306,0.9964692377333838,24.258893298671108,54.435422282585776
779,20.018892108400433,1.111585711331028,25.402784280798265,70.44126292683433
780,28.03654067681022,1.1636777577739368,22.929952941721446,37.308843116837465
781,21.407858912441174,1.1149817533820556,23.597480494643822,57.307475966293524
782,28.924130833475182,0.9285989470966597,22.94237558811888,88.83825928112014
783,26.369018838899233,1.0677300970484918,27.832120179230877,75.33723244761556
784,19.28278430495923,1.1245645447050123,22.865777625366896,73.34559471005795
785,34.992477270078375,1.0588632586765625,26.513359961052196,55.13133590003722
786,23.968581866957436,1.1847493071593864,24.860269681887104,51.216704347582535
787,30.020893489849843,1.126786096019273,23.512695220346263,83.95951737413343
788,15.167633240272643,0.8566673041001827,24.38050524646961,93.51658191509354
789,32.182446545553255,1.0228473120583261,23.01011860551631,25.674230399803424
790,25.883283860367104,0.9469714991559767,26.310363442007176,96.24503293494395
791,18.098516734446353,1.1350982690662927,27.314883760673442,78.17218248782595
792,30.08015489196389,0.8886781396150742,25.87506093413689,33.425434096236955
793,29.76463942003812,0.9763025801385452,22.17542596744002,73.89133658334961
794,33.36898225647071,0.8707556502939636,25.913780327404147,33.127990628574636
795,29.176604734502735,1.0926361181406785,23.612172537333354,54.82721944591442
796,23.66217866272735,0.8441891916810961,22.41739431685438,44.135282094219825
797,16.011016401864772,1.0089752495208477,26.659199566100753,68.10313144292401
798,27.786792919729677,0.9972690616271946,22.793077615955852,98.06918158224019
799,19.491242422611418,1.1004268783833917,23.301114711328086,87.90749755192212
800,27.477090728573984,1.0098471417616752,25.833072006270875,47.959644468969074
801,24.203337275591576,1.0027769319388384,24.599755700975017,35.53199252259233
802,15.259094987173615,0.90803257529407,25.21010886815171,59.226047356037895
803,31.260492268628756,1.0098579951137445,26.47171221596126,44.0557270358303
804,16.012901912383235,0.8119003070651482,24.34431706919132,29.505688550759828
805,25.867722702492994,0.8119578318813652,22.518618641515364,82.31820642762241
806,29.631955429114758,0.8419457613665752,22.237728882423568,29.635034779156648
807,22.681562014999784,1.1755454727044636,25.38895031714133,78.46943417403648
808,25.060599721430187,1.1417504207183244,26.31507130130076,57.07393109617829
809,17.11587929572838,1.1196030442328009,26.429582125804195,23.07951180557967
810,22.03669762933639,0.8844911637186553,25.24423802398908,42.9570019667829
811,32.33787044715676,1.134501094729159,26.72765437881104,35.35833649149075
812,31.948069976067185,1.0947069291555391,27.886474622043664,58.027522501537334
813,32.53449377568881,0.8115993496062612,22.51181814883101,64.21699114028895
814,21.349656357059636,0.9577615755735976,26.89676721714973,91.72803097959209
815,26.163231906619572,0.8498080599506621,23.151274900434498,55.60179853716492
816,30.14592765476058,1.0151139973656451,24.643928616139757,23.587622767088583
817,21.013254938118994,0.8295740576296716,23.96743150552436,59.880102304507616
818,24.931514756617126,1.1403702202841541,22.30469354920168,76.1644313156383
819,28.123282296254565,1.0924743422077203,25.371459758408104,29.546279534345253
820,20.465516713754948,0.925653933055006,25.15134071196723,31.096809211422674
821,30.10742522725203,1.1909361562745795,23.100417962262334,23.021492240974737
822,19.825839776383393,1.1581097090040713,27.10866085938703,94.21730690158272
823,28.46843775549855,0.8026782789463319,24.761758913692493,46.862149894074896
824,34.37893899007359,1.1325871395048772,26.82269681824475,42.76506104451877
825,17.07073888292403,1.03563471513594,26.26528046198442,83.42346380216404
826,26.147780875981564,1.1159408804357966,23.999157679297284,47.95327049048184
827,32.35228314103839,1.1751309160592918,22.73472367560476,97.11405571507493
828,17.21497365791213,1.0762998664245764,24.32582335276567,35.74962973366917
829,27.342590445022662,1.1448073113739825,23.302300622226078,79.59984544773312
830,15.544513942803226,1.077787294970995,25.561364147774036,69.83137084157636
831,30.62900647912758,1.024937347614829,23.64091649620073,61.24587995480808
832,17.26276962811091,0.9995687712222879,27.153559990450272,65.61091685853937
833,20.07286117505012,1.0035773254630034,24.341958441965687,48.28176536349004
834,27.685051446355587,0.9186124362624527,27.96942097837625,70.80516976039416
835,20.61901952747768,0.8145721697413516,23.794805669722685,43.1027869985371
836,16.927533364609154,0.9365058278640688,27.615761309272166,54.003532791595966
837,26.297458004671846,0.8559813327642392,25.749104794059864,38.106862028356346
838,22.645640991191506,1.0346526910890057,23.968756208578817,60.381612202501586
839,24.197810778984646,1.0538619674379346,27.32481705332228,35.10132813573496
840,15.810983732548342,1.045347135413418,25.653874461881962,87.4893802297892
841,15.145031970321378,0.8782524906393251,22.260472765282035,74.22304203305362
842,30.27233680673243,0.9340423913368358,26.435832491872606,53.4852854090851
843,21.527219511883978,0.9583147601578517,27.846592691276975,20.35012725254561
844,23.674307591738994,1.1809702554542294,27.357450956979644,78.21716397903717
845,34.30469683561479,1.1051601629368126,23.53522114721812,50.36438145287093
846,21.959159180570403,0.9970035726564811,27.031336520068947,88.73912711385466
847,30.465414232906006,0.9797498308174544,22.542449020621333,85.0508365553943
848,30.684177512202083,1.0843341851000412,25.573873457810084,82.2177231233947
849,26.00413631585856,0.9916253206659567,23.839848474092324,43.39301002472533
850,24.169289146188994,0.9800100067725775,25.029734146793185,57.46171401356023
851,22.45398640006436,1.0075970215080057,25.234490439726688,76.71712308486505
852,28.617529054966035,1.0926078218117647,25.948404667327587,81.4259602696237
853,34.67000552352937,0.8400197279509041,26.44044990314365,86.16754886701933
854,31.073786453193055,1.1999225632129624,25.394991272767978,99.70326064554784
855,27.616730364659347,0.9394459594446084,23.62939271468337,64.7022265393671
856,30.37145223404368,0.8981295343917298,25.13427733006675,79.09846299668742
857,28.76043621190042,0.8457390167128556,26.753854802628943,43.81297551498551
858,29.468245936445083,1.1763419522213538,23.59202626485358,49.178769255956716
859,30.922171255529783,1.0796919028848404,25.347507532618092,67.88721394928909
860,25.18384460354889,1.0924274437961539,23.011963884820464,35.16411807193663
861,18.3599930470722,0.9185259586739621,25.36591889717295,27.912864659372083
862,24.079132893949065,1.1411142884459922,27.365828449777922,75.92522807681841
863,19.021635927087726,0.9408961546609623,22.649187060543326,42.18712256965201
864,20.51052392486721,0.9426842170508518,27.48882225005003,51.75191977787999
865,34.703069591318624,0.8322699187717237,22.07306302737939,83.14401327494393
866,18.119134281919045,1.1406236537042214,25.496503627086728,30.259007805649965
867,24.21270498931343,1.0650917693509137,27.82802750279435,95.85374074729576
868,30.77590630716912,1.170373623895293,25.196299834326375,94.16818917397987
869,22.782606024910713,0.9699157058256908,23.51602152058294,51.04563103433545
870,28.90578773239201,0.9805704535664752,23.43184605090674,71.24786089420292
871,26.301151680119425,1.018555754216371,23.449053298891148,98.1398298621456
872,27.017026809934602,0.889086075680969,23.016913702955218,78.4758991491847
873,27.147551093895427,1.1023676923329655,26.459004097104177,29.55676875486274
874,15.902747972947308,0.8792315738588908,25.61917593625187,87.68328101018037
875,30.54194355575355,1.0736979436807745,25.890253767393588,57.309565135997424
876,18.109194258314485,1.19898956102156,22.43219343831481,78.09149062598317
877,21.57329504129351,0.8836050843183683,26.564783979918595,97.70554699254939
878,34.91221571998264,1.1613308001328027,22.05036921202199,97.5868064223618
879,33.601924052847764,0.9051554207579137,25.30656951213683,39.35145009939254
880,22.171213824231195,1.1006591440813471,22.895460843859475,87.51438819238753
881,18.51645053802732,1.1117530233706931,26.742933129900468,21.096995923342483
882,34.279755617273096,0.960960667257982,27.82647868893272,63.28721269749765
883,25.578430115455518,0.8941838486444472,22.99282567864577,59.280694555508504
884,18.45884374614527,0.9258897226287136,24.550570645899345,96.0543424061022
885,18.286259124067833,1.0515270222621684,25.94704898935788,26.10878033945773
886,24.406980002961777,1.0219210287150007,22.747501880216383,61.79376274597111
887,31.401850669162968,1.1745278720811845,27.160378382040236,36.201142157651596
888,27.501431445894347,1.0806090269310882,27.21756179258229,22.06669868392156
889,19.32674317909797,1.067599847270814,24.00717469902129,86.06064658574577
890,18.08972132613873,0.8675397184340672,25.876195031015914,28.36804545775575
891,27.269249894075077,1.1929584262895365,22.42583036570696,94.05127187163774
892,20.435078547304325,1.1982290144075847,22.35958655108161,68.1454235388592
893,33.456993613591365,0.8684966264605362,27.020836894761278,21.20453022378463
894,31.24449234494167,1.153927746696974,27.34608194885693,51.58448251600815
895,26.845877798901352,1.1306978524729985,24.668594254086845,67.67581951325158
896,17.72511368949624,0.8821761064146872,27.613687309157896,80.55930705853928
897,23.35984582479635,0.9716674262102947,26.69512270281493,34.12443550527961
898,28.82079223961289,0.933170467471787,27.892862985650037,37.951988824909755
899,21.376940722735338,0.9238403982088526,27.313351175855356,80.86355013147273
900,18.01038949226652,1.1529021842748903,22.888327464205137,27.975501762837176
901,19.978121559941805,1.069852428165135,25.63842576772981,75.1662055344355
902,19.70638584784541,1.0125995386269433,22.474407175254594,65.24322290138323
903,27.184638986706734,0.9241061112544116,25.048057997678878,25.429585919710984
904,34.965723864174514,0.8370250925330448,23.642622534264127,79.43760685604639
905,21.46347944182373,1.1435210398136217,26.56519779503598,83.00291677605999
906,20.993890586182246,1.1828013813239555,25.7781379068321,97.75608086561877
907,24.535145547652142,1.0511964082936167,22.81523812346127,76.9145596476004
908,28.707440151962064,1.1203278755800832,26.991645604837384,72.32672238220972
909,18.81517443048872,0.8569420414946367,22.251121349736014,41.837086176296445
910,25.37679224379078,0.8963722620417413,22.91960319667247,46.46515106610343
911,31.62461463689486,1.1016743148382198,25.267238795054134,78.30749517313541
912,15.357446923530901,0.8941568861556625,27.75317359659479,68.26735028185698
913,17.852310470368817,1.1126009639595877,27.181854411151715,56.68013517735298
914,28.81841831173469,0.8484975533646275,27.66037632279354,98.66557564967985
915,20.099580202126727,0.8987681230039835,26.75409496328751,76.34864980757531
916,21.36005651069208,1.1888158850607273,25.711835694951667,43.278839709543206
917,20.18460437499618,1.0174756785492272,27.38230036860831,99.68854785577636
918,34.401437097957434,0.9295611244420711,22.055748511147666,53.14674571136945
919,34.792220875711195,1.1602386849304525,23.75013021591131,51.75111458421181
920,21.848682153435767,0.8352316944920123,23.054044342460532,72.60592488285167
921,16.681751915716273,1.0492571641496506,22.359058573721338,59.977693817969275
922,33.73512053695134,0.9183052437110877,26.895685216596913,85.52548883018454
923,23.242631298329638,0.8021840895645067,26.83806348266908,21.838007872059375
924,30.665036518196057,1.107577818187466,26.037301917876952,98.37663634633095
925,20.458833517304747,1.0378071787573482,26.412367219613117,68.41426543514821
926,19.101425843033685,0.9780469726549721,22.335388280550422,81.02476955848518
927,34.4541348855534,1.1648509632724733,27.315321431366566,66.51234083979728
928,18.751998294605897,1.110830064728094,26.686516237819554,76.54404852208143
929,32.376589429810586,1.1398734803123327,27.62434373751146,64.90963224401389
930,15.650391844135827,0.8877104819251643,22.837365604669987,69.74004033000057
931,28.141245709236646,1.1066924170980346,23.230178591764535,41.83740739641852
932,21.741616934805112,1.0100156634093826,23.949470868931922,93.82885698325032
933,28.425994120542978,0.86630624977295,25.507087925834504,54.37769384247048
934,31.794825223351953,1.0463061266833917,27.678300748677604,39.97254822721972
935,17.95900300251074,0.9380783068211264,22.131875265270725,52.781297395062225
936,23.05659953973016,1.068243217330515,27.00977372783505,81.39571236527006
937,30.818970357717042,0.8883068897719347,25.838536994808955,67.65457352951533
938,31.692925597385493,1.0784419867350243,24.072979959923206,20.794424930985702
939,24.99104413517067,1.008923132353994,22.95954436496634,61.3275911004429
940,26.77484163481393,0.9974772146996636,26.578427231649304,67.96360033764441
941,25.57102834838143,0.8220092648198232,23.586002914207178,30.342963196295347
942,20.42068564116403,1.0365750985002655,23.37207266457778,22.828507253802925
943,23.65290424011845,0.8668187908387158,25.331425617483394,95.14841597991024
944,26.256832196335232,1.028398846352941,24.48650549857607,84.40458270751034
945,22.74370927259635,1.156632339050705,23.97383371277577,75.00577309354757
946,32.35799933198021,0.9337177533788088,22.326146120718022,52.460177209116566
947,33.09643369283447,1.0875825321146784,27.35957689030586,76.70970224794418
948,19.63247463905755,1.0153024258526844,26.30543082999394,39.51276528439381
949,21.87595662203926,0.8279611262772345,27.3513295850769,22.781720370670683
950,20.263469197203808,1.001628506066967,25.37098942836112,33.430123830889
951,27.75227558858049,1.1800093359029407,22.04724876300867,67.02216561058711
952,28.45571845944656,0.9036936517172783,25.365971827855876,99.72435842551111
953,15.724888210521113,1.065881804454758,26.3353374247798,80.01169344240301
954,21.02015707783955,0.9349595606654514,23.694638814166805,63.16437073217325
955,20.93158380113811,0.9165817535089862,26.27238705906134,94.14540692548654
956,30.87933482865602,1.1783901005464283,27.658055892437574,60.38371054870119
957,22.041303837100877,1.1437918594875893,27.870231605883887,84.39714909714442
958,27.495834378682986,0.849972584050999,24.898895857164113,63.47082285708475
959,24.745303390591218,0.8611911239119603,22.350792338160613,44.63596664441738
960,17.436036442720887,1.1305890253036144,25.975843706856054,20.185243556600582
961,27.975101378414383,0.8449456567521338,22.330224359179052,25.12163064953394
962,19.79448335059815,1.053550871176565,26.643962243987794,37.21146309890685
963,24.20916885321498,1.1829380307022794,24.767950994131116,30.031072555864338
964,21.281268263171423,0.9372351507403837,27.14481164075332,78.84832463326893
965,19.679908272136903,1.0756495146319631,23.165333156651464,91.78106393630759
966,18.442439547681207,1.1370005706198185,27.091319955892242,96.24307147640636
967,31.274921777627227,1.1746980505394438,25.765519854228945,69.32251981774014
968,23.338792862186406,1.0466012494085288,26.57297450376939,72.00191279763051
969,33.390360797670745,1.0180601222119297,27.423598748224567,35.58846670517453
970,16.70497552269149,1.037809876419068,22.81998501021882,80.16113487183428
971,32.00386999024465,1.0372641389978752,22.37314982281546,67.92534578927315
972,25.431172786197212,1.1424367278863268,26.23790452471445,25.289157473930644
973,23.81125653139088,0.909411551784724,23.04902503885042,93.77101857626192
974,32.88937364531349,1.0004065123456063,23.917092355200417,31.002862444826135
975,20.930013585288233,0.984039126017941,27.94615831204773,61.464430900676604
976,20.51022112137734,0.8364875653657232,26.646587215234906,81.181576266897
977,22.89700497963932,0.8954008362574699,22.19580549004315,66.43512676081532
978,18.11760976665588,1.119875323844743,22.030653604075244,41.09505497147221
979,25.618273311301003,0.9242429750232733,27.382406223512575,47.59900538034002
980,32.252241459417526,0.9947912656022786,27.312579169131222,36.74144771936732
981,29.875581263943552,1.194683013729915,27.727150490364508,92.62528365943167
982,29.744406249151588,1.1725318863228127,23.51356042968614,87.34169276359619
983,34.98638031528023,1.1517498942817528,26.944223304686172,66.99139154061996
984,30.88670226571145,1.199466741444006,23.87930476755504,94.09809055227808
985,23.057024912775614,0.8687150990042903,24.57433221530052,87.14492527613795
986,32.49822982605822,0.9528137455373787,25.940393256736318,87.12081833436324
987,33.95156793527206,1.1590830446795195,24.971419352833944,39.357869480730386
988,20.49408380309654,1.1534962634470813,27.687813378366446,63.59092387673683
989,19.609240772773052,0.9475063220138874,22.078977885487305,88.32922430032313
990,31.785800636104337,1.139735227806503,25.306988880817208,92.55442158765938
991,16.205247336070133,1.1938688916279523,24.433995028574124,44.27864376544796
992,25.865347326412,0.9034987199371711,27.55440624627302,53.09104648907737
993,18.736418929844504,1.009465451735105,26.76606110999488,88.41035095962997
994,28.605601969709873,0.8790033866322142,27.059755635123253,67.61917535043578
995,25.332068882281852,0.9784939144762814,26.52789875390243,72.29872818833061
996,29.147518979064042,0.8458648858924711,25.6488400903621,23.57351140636532
997,21.884491243165364,1.0940012424830179,25.659745901119436,52.00351090234486
998,33.995738973479476,1.162080829880858,27.30692912649823,80.09582001812245
999,24.12951920742018,0.9322933234698242,22.39715326067483,83.35087527226332
